{"id":"e71ab2ca-54ae-413c-ae6a-86c83a02e6e5","project":"34403d0c-7022-4be0-bd90-8116c410b190","iteration":"dc98c826-b1fd-46c5-bb2d-47e1b23c3b27","created":{"iMillis":1554642734284,"iChronology":{"iBase":{"iMinDaysInFirstWeek":4}}},"predictions":[{"probability":0.0263880752,"tagId":"bd31bacf-da0e-4e32-a1d7-d6c5c7a1eb93","tagName":"Butterkeks","boundingBox":{"left":0.4282599,"top":0.14891243,"width":0.189552963,"height":0.191788316}},{"probability":0.01054846,"tagId":"bd31bacf-da0e-4e32-a1d7-d6c5c7a1eb93","tagName":"Butterkeks","boundingBox":{"left":0.39059943,"top":0.459848732,"width":0.265924454,"height":0.110646755}},{"probability":0.8028478,"tagId":"bd31bacf-da0e-4e32-a1d7-d6c5c7a1eb93","tagName":"Butterkeks","boundingBox":{"left":0.07448107,"top":0.0590932071,"width":0.8052941,"height":0.3553695}},{"probability":0.5709681,"tagId":"bd31bacf-da0e-4e32-a1d7-d6c5c7a1eb93","tagName":"Butterkeks","boundingBox":{"left":0.160133034,"top":0.431467831,"width":0.701674342,"height":0.239962339}}]}