{"id":"e5ac14e2-5c99-49f6-bd6f-c39877998572","project":"34403d0c-7022-4be0-bd90-8116c410b190","iteration":"dc98c826-b1fd-46c5-bb2d-47e1b23c3b27","created":{"iMillis":1554670687190,"iChronology":{"iBase":{"iMinDaysInFirstWeek":4}}},"predictions":[{"probability":0.881106138,"tagId":"0d56766e-cc23-4460-8099-4b88c38c5f77","tagName":"Sauce Toskana Kräuter","boundingBox":{"left":0.00513491035,"top":0.0579746366,"width":0.5255208,"height":0.5423951}},{"probability":0.01344601,"tagId":"0d56766e-cc23-4460-8099-4b88c38c5f77","tagName":"Sauce Toskana Kräuter","boundingBox":{"left":0.221846581,"top":0.09201905,"width":0.464924037,"height":0.463019878}},{"probability":0.8799087,"tagId":"0d56766e-cc23-4460-8099-4b88c38c5f77","tagName":"Sauce Toskana Kräuter","boundingBox":{"left":0.4908136,"top":0.0593335032,"width":0.476377845,"height":0.5264426}},{"probability":0.0117791053,"tagId":"0d56766e-cc23-4460-8099-4b88c38c5f77","tagName":"Sauce Toskana Kräuter","boundingBox":{"left":0.0,"top":0.200101227,"width":0.9409807,"height":0.240876764}}]}