{"id":"0168b643-3970-4448-ac16-d1e1f31939bc","project":"34403d0c-7022-4be0-bd90-8116c410b190","iteration":"dc98c826-b1fd-46c5-bb2d-47e1b23c3b27","created":{"iMillis":1554642969538,"iChronology":{"iBase":{"iMinDaysInFirstWeek":4}}},"predictions":[{"probability":0.0116772875,"tagId":"7ddf089e-1e21-4652-9261-c60ba9c4ac61","tagName":"Gemelli italienische Pasta","boundingBox":{"left":0.802369833,"top":0.9237395,"width":0.140955925,"height":0.0584585071}},{"probability":0.0232290328,"tagId":"4faaeda4-29dd-4328-a16e-389313ef8d89","tagName":"Haribo Goldbären","boundingBox":{"left":0.243376538,"top":0.0143602192,"width":0.439339757,"height":0.513450146}},{"probability":0.912865639,"tagId":"2d10dd89-a1d8-48cd-b8c4-8b46e469813d","tagName":"Haribo Tropi Frutti","boundingBox":{"left":0.255105346,"top":0.07219231,"width":0.416878,"height":0.4537974}},{"probability":0.04432097,"tagId":"2d10dd89-a1d8-48cd-b8c4-8b46e469813d","tagName":"Haribo Tropi Frutti","boundingBox":{"left":0.133095115,"top":0.0,"width":0.635397553,"height":0.616145}}]}