{"id":"4fb9532e-5b6c-4455-ab85-4bec28c6bc48","project":"34403d0c-7022-4be0-bd90-8116c410b190","iteration":"dc98c826-b1fd-46c5-bb2d-47e1b23c3b27","created":{"iMillis":1554461836174,"iChronology":{"iBase":{"iMinDaysInFirstWeek":4}}},"predictions":[{"probability":0.0467866957,"tagId":"bd31bacf-da0e-4e32-a1d7-d6c5c7a1eb93","tagName":"Butterkeks","boundingBox":{"left":0.446940929,"top":0.150211185,"width":0.206682175,"height":0.212790966}},{"probability":0.802736,"tagId":"bd31bacf-da0e-4e32-a1d7-d6c5c7a1eb93","tagName":"Butterkeks","boundingBox":{"left":0.208534569,"top":0.118669987,"width":0.7502345,"height":0.316160917}},{"probability":0.802555,"tagId":"bd31bacf-da0e-4e32-a1d7-d6c5c7a1eb93","tagName":"Butterkeks","boundingBox":{"left":0.251891315,"top":0.444292,"width":0.627368331,"height":0.1948371}},{"probability":0.011532126,"tagId":"2d10dd89-a1d8-48cd-b8c4-8b46e469813d","tagName":"Haribo Tropi Frutti","boundingBox":{"left":0.6690246,"top":0.845232368,"width":0.315141439,"height":0.145936787}}]}